<?xml version="1.0" encoding="UTF-8" standalone="yes"?>
<addon id="script.kodigithublogs" name="KodiGithubLogs" version="0.2.8" provider-name="northernpowerhouse">
  <requires>
    <import addon="xbmc.python" version="3.0.0"/>
  </requires>
  <extension point="xbmc.python.script" library="default.py">
    <provides>executable</provides>
  </extension>
  <extension point="xbmc.addon.metadata">
    <summary lang="en_GB">Upload Kodi logs to GitHub</summary>
    <description lang="en_GB">Upload Kodi log files to GitHub repositories with customizable log levels and startup filtering</description>
    <platform>all</platform>
    <license>MIT</license>
    <source>https://github.com/northernpowerhouse/KodiGithubLogs</source>
    <news>v0.2.0 - Renamed to KodiGithubLogs; Fixed repository installation issue</news>
  </extension>
</addon>
